nom,url
11111,https://selfigurine.musees-compiegne.fr/figuriniste/11111.png
11112,https://selfigurine.musees-compiegne.fr/figuriniste/11112.png
11113,https://selfigurine.musees-compiegne.fr/figuriniste/11113.png
11121,https://selfigurine.musees-compiegne.fr/figuriniste/11121.png
11122,https://selfigurine.musees-compiegne.fr/figuriniste/11122.png
11123,https://selfigurine.musees-compiegne.fr/figuriniste/11123.png
11131,https://selfigurine.musees-compiegne.fr/figuriniste/11131.png
11132,https://selfigurine.musees-compiegne.fr/figuriniste/11132.png
11133,https://selfigurine.musees-compiegne.fr/figuriniste/11133.png
11211,https://selfigurine.musees-compiegne.fr/figuriniste/11211.png
11212,https://selfigurine.musees-compiegne.fr/figuriniste/11212.png
11213,https://selfigurine.musees-compiegne.fr/figuriniste/11213.png
11221,https://selfigurine.musees-compiegne.fr/figuriniste/11221.png
11222,https://selfigurine.musees-compiegne.fr/figuriniste/11222.png
11223,https://selfigurine.musees-compiegne.fr/figuriniste/11223.png
11231,https://selfigurine.musees-compiegne.fr/figuriniste/11231.png
11232,https://selfigurine.musees-compiegne.fr/figuriniste/11232.png
11233,https://selfigurine.musees-compiegne.fr/figuriniste/11233.png
11311,https://selfigurine.musees-compiegne.fr/figuriniste/11311.png
11312,https://selfigurine.musees-compiegne.fr/figuriniste/11312.png
11313,https://selfigurine.musees-compiegne.fr/figuriniste/11313.png
11321,https://selfigurine.musees-compiegne.fr/figuriniste/11321.png
11322,https://selfigurine.musees-compiegne.fr/figuriniste/11322.png
11323,https://selfigurine.musees-compiegne.fr/figuriniste/11323.png
11331,https://selfigurine.musees-compiegne.fr/figuriniste/11331.png
11332,https://selfigurine.musees-compiegne.fr/figuriniste/11332.png
11333,https://selfigurine.musees-compiegne.fr/figuriniste/11333.png
12111,https://selfigurine.musees-compiegne.fr/figuriniste/12111.png
12112,https://selfigurine.musees-compiegne.fr/figuriniste/12112.png
12113,https://selfigurine.musees-compiegne.fr/figuriniste/12113.png
12121,https://selfigurine.musees-compiegne.fr/figuriniste/12121.png
12122,https://selfigurine.musees-compiegne.fr/figuriniste/12122.png
12123,https://selfigurine.musees-compiegne.fr/figuriniste/12123.png
12131,https://selfigurine.musees-compiegne.fr/figuriniste/12131.png
12132,https://selfigurine.musees-compiegne.fr/figuriniste/12132.png
12133,https://selfigurine.musees-compiegne.fr/figuriniste/12133.png
12211,https://selfigurine.musees-compiegne.fr/figuriniste/12211.png
12212,https://selfigurine.musees-compiegne.fr/figuriniste/12212.png
12213,https://selfigurine.musees-compiegne.fr/figuriniste/12213.png
12221,https://selfigurine.musees-compiegne.fr/figuriniste/12221.png
12222,https://selfigurine.musees-compiegne.fr/figuriniste/12222.png
12223,https://selfigurine.musees-compiegne.fr/figuriniste/12223.png
12231,https://selfigurine.musees-compiegne.fr/figuriniste/12231.png
12232,https://selfigurine.musees-compiegne.fr/figuriniste/12232.png
12233,https://selfigurine.musees-compiegne.fr/figuriniste/12233.png
12311,https://selfigurine.musees-compiegne.fr/figuriniste/12311.png
12312,https://selfigurine.musees-compiegne.fr/figuriniste/12312.png
12313,https://selfigurine.musees-compiegne.fr/figuriniste/12313.png
12321,https://selfigurine.musees-compiegne.fr/figuriniste/12321.png
12322,https://selfigurine.musees-compiegne.fr/figuriniste/12322.png
12323,https://selfigurine.musees-compiegne.fr/figuriniste/12323.png
12331,https://selfigurine.musees-compiegne.fr/figuriniste/12331.png
12332,https://selfigurine.musees-compiegne.fr/figuriniste/12332.png
12333,https://selfigurine.musees-compiegne.fr/figuriniste/12333.png
13111,https://selfigurine.musees-compiegne.fr/figuriniste/13111.png
13112,https://selfigurine.musees-compiegne.fr/figuriniste/13112.png
13113,https://selfigurine.musees-compiegne.fr/figuriniste/13113.png
13121,https://selfigurine.musees-compiegne.fr/figuriniste/13121.png
13122,https://selfigurine.musees-compiegne.fr/figuriniste/13122.png
13123,https://selfigurine.musees-compiegne.fr/figuriniste/13123.png
13131,https://selfigurine.musees-compiegne.fr/figuriniste/13131.png
13132,https://selfigurine.musees-compiegne.fr/figuriniste/13132.png
13133,https://selfigurine.musees-compiegne.fr/figuriniste/13133.png
13211,https://selfigurine.musees-compiegne.fr/figuriniste/13211.png
13212,https://selfigurine.musees-compiegne.fr/figuriniste/13212.png
13213,https://selfigurine.musees-compiegne.fr/figuriniste/13213.png
13221,https://selfigurine.musees-compiegne.fr/figuriniste/13221.png
13222,https://selfigurine.musees-compiegne.fr/figuriniste/13222.png
13223,https://selfigurine.musees-compiegne.fr/figuriniste/13223.png
13231,https://selfigurine.musees-compiegne.fr/figuriniste/13231.png
13232,https://selfigurine.musees-compiegne.fr/figuriniste/13232.png
13233,https://selfigurine.musees-compiegne.fr/figuriniste/13233.png
13311,https://selfigurine.musees-compiegne.fr/figuriniste/13311.png
13312,https://selfigurine.musees-compiegne.fr/figuriniste/13312.png
13313,https://selfigurine.musees-compiegne.fr/figuriniste/13313.png
13321,https://selfigurine.musees-compiegne.fr/figuriniste/13321.png
13322,https://selfigurine.musees-compiegne.fr/figuriniste/13322.png
13323,https://selfigurine.musees-compiegne.fr/figuriniste/13323.png
13331,https://selfigurine.musees-compiegne.fr/figuriniste/13331.png
13332,https://selfigurine.musees-compiegne.fr/figuriniste/13332.png
13333,https://selfigurine.musees-compiegne.fr/figuriniste/13333.png
21111,https://selfigurine.musees-compiegne.fr/figuriniste/21111.png
21112,https://selfigurine.musees-compiegne.fr/figuriniste/21112.png
21113,https://selfigurine.musees-compiegne.fr/figuriniste/21113.png
21121,https://selfigurine.musees-compiegne.fr/figuriniste/21121.png
21122,https://selfigurine.musees-compiegne.fr/figuriniste/21122.png
21123,https://selfigurine.musees-compiegne.fr/figuriniste/21123.png
21131,https://selfigurine.musees-compiegne.fr/figuriniste/21131.png
21132,https://selfigurine.musees-compiegne.fr/figuriniste/21132.png
21133,https://selfigurine.musees-compiegne.fr/figuriniste/21133.png
21211,https://selfigurine.musees-compiegne.fr/figuriniste/21211.png
21212,https://selfigurine.musees-compiegne.fr/figuriniste/21212.png
21213,https://selfigurine.musees-compiegne.fr/figuriniste/21213.png
21221,https://selfigurine.musees-compiegne.fr/figuriniste/21221.png
21222,https://selfigurine.musees-compiegne.fr/figuriniste/21222.png
21223,https://selfigurine.musees-compiegne.fr/figuriniste/21223.png
21231,https://selfigurine.musees-compiegne.fr/figuriniste/21231.png
21232,https://selfigurine.musees-compiegne.fr/figuriniste/21232.png
21233,https://selfigurine.musees-compiegne.fr/figuriniste/21233.png
21311,https://selfigurine.musees-compiegne.fr/figuriniste/21311.png
21312,https://selfigurine.musees-compiegne.fr/figuriniste/21312.png
21313,https://selfigurine.musees-compiegne.fr/figuriniste/21313.png
21321,https://selfigurine.musees-compiegne.fr/figuriniste/21321.png
21322,https://selfigurine.musees-compiegne.fr/figuriniste/21322.png
21323,https://selfigurine.musees-compiegne.fr/figuriniste/21323.png
21331,https://selfigurine.musees-compiegne.fr/figuriniste/21331.png
21332,https://selfigurine.musees-compiegne.fr/figuriniste/21332.png
21333,https://selfigurine.musees-compiegne.fr/figuriniste/21333.png
22111,https://selfigurine.musees-compiegne.fr/figuriniste/22111.png
22112,https://selfigurine.musees-compiegne.fr/figuriniste/22112.png
22113,https://selfigurine.musees-compiegne.fr/figuriniste/22113.png
22121,https://selfigurine.musees-compiegne.fr/figuriniste/22121.png
22122,https://selfigurine.musees-compiegne.fr/figuriniste/22122.png
22123,https://selfigurine.musees-compiegne.fr/figuriniste/22123.png
22131,https://selfigurine.musees-compiegne.fr/figuriniste/22131.png
22132,https://selfigurine.musees-compiegne.fr/figuriniste/22132.png
22133,https://selfigurine.musees-compiegne.fr/figuriniste/22133.png
22211,https://selfigurine.musees-compiegne.fr/figuriniste/22211.png
22212,https://selfigurine.musees-compiegne.fr/figuriniste/22212.png
22213,https://selfigurine.musees-compiegne.fr/figuriniste/22213.png
22221,https://selfigurine.musees-compiegne.fr/figuriniste/22221.png
22222,https://selfigurine.musees-compiegne.fr/figuriniste/22222.png
22223,https://selfigurine.musees-compiegne.fr/figuriniste/22223.png
22231,https://selfigurine.musees-compiegne.fr/figuriniste/22231.png
22232,https://selfigurine.musees-compiegne.fr/figuriniste/22232.png
22233,https://selfigurine.musees-compiegne.fr/figuriniste/22233.png
22311,https://selfigurine.musees-compiegne.fr/figuriniste/22311.png
22312,https://selfigurine.musees-compiegne.fr/figuriniste/22312.png
22313,https://selfigurine.musees-compiegne.fr/figuriniste/22313.png
22321,https://selfigurine.musees-compiegne.fr/figuriniste/22321.png
22322,https://selfigurine.musees-compiegne.fr/figuriniste/22322.png
22323,https://selfigurine.musees-compiegne.fr/figuriniste/22323.png
22331,https://selfigurine.musees-compiegne.fr/figuriniste/22331.png
22332,https://selfigurine.musees-compiegne.fr/figuriniste/22332.png
22333,https://selfigurine.musees-compiegne.fr/figuriniste/22333.png
23111,https://selfigurine.musees-compiegne.fr/figuriniste/23111.png
23112,https://selfigurine.musees-compiegne.fr/figuriniste/23112.png
23113,https://selfigurine.musees-compiegne.fr/figuriniste/23113.png
23121,https://selfigurine.musees-compiegne.fr/figuriniste/23121.png
23122,https://selfigurine.musees-compiegne.fr/figuriniste/23122.png
23123,https://selfigurine.musees-compiegne.fr/figuriniste/23123.png
23131,https://selfigurine.musees-compiegne.fr/figuriniste/23131.png
23132,https://selfigurine.musees-compiegne.fr/figuriniste/23132.png
23133,https://selfigurine.musees-compiegne.fr/figuriniste/23133.png
23211,https://selfigurine.musees-compiegne.fr/figuriniste/23211.png
23212,https://selfigurine.musees-compiegne.fr/figuriniste/23212.png
23213,https://selfigurine.musees-compiegne.fr/figuriniste/23213.png
23221,https://selfigurine.musees-compiegne.fr/figuriniste/23221.png
23222,https://selfigurine.musees-compiegne.fr/figuriniste/23222.png
23223,https://selfigurine.musees-compiegne.fr/figuriniste/23223.png
23231,https://selfigurine.musees-compiegne.fr/figuriniste/23231.png
23232,https://selfigurine.musees-compiegne.fr/figuriniste/23232.png
23233,https://selfigurine.musees-compiegne.fr/figuriniste/23233.png
23311,https://selfigurine.musees-compiegne.fr/figuriniste/23311.png
23312,https://selfigurine.musees-compiegne.fr/figuriniste/23312.png
23313,https://selfigurine.musees-compiegne.fr/figuriniste/23313.png
23321,https://selfigurine.musees-compiegne.fr/figuriniste/23321.png
23322,https://selfigurine.musees-compiegne.fr/figuriniste/23322.png
23323,https://selfigurine.musees-compiegne.fr/figuriniste/23323.png
23331,https://selfigurine.musees-compiegne.fr/figuriniste/23331.png
23332,https://selfigurine.musees-compiegne.fr/figuriniste/23332.png
23333,https://selfigurine.musees-compiegne.fr/figuriniste/23333.png
31111,https://selfigurine.musees-compiegne.fr/figuriniste/31111.png
31112,https://selfigurine.musees-compiegne.fr/figuriniste/31112.png
31113,https://selfigurine.musees-compiegne.fr/figuriniste/31113.png
31121,https://selfigurine.musees-compiegne.fr/figuriniste/31121.png
31122,https://selfigurine.musees-compiegne.fr/figuriniste/31122.png
31123,https://selfigurine.musees-compiegne.fr/figuriniste/31123.png
31131,https://selfigurine.musees-compiegne.fr/figuriniste/31131.png
31132,https://selfigurine.musees-compiegne.fr/figuriniste/31132.png
31133,https://selfigurine.musees-compiegne.fr/figuriniste/31133.png
31211,https://selfigurine.musees-compiegne.fr/figuriniste/31211.png
31212,https://selfigurine.musees-compiegne.fr/figuriniste/31212.png
31213,https://selfigurine.musees-compiegne.fr/figuriniste/31213.png
31221,https://selfigurine.musees-compiegne.fr/figuriniste/31221.png
31222,https://selfigurine.musees-compiegne.fr/figuriniste/31222.png
31223,https://selfigurine.musees-compiegne.fr/figuriniste/31223.png
31231,https://selfigurine.musees-compiegne.fr/figuriniste/31231.png
31232,https://selfigurine.musees-compiegne.fr/figuriniste/31232.png
31233,https://selfigurine.musees-compiegne.fr/figuriniste/31233.png
31311,https://selfigurine.musees-compiegne.fr/figuriniste/31311.png
31312,https://selfigurine.musees-compiegne.fr/figuriniste/31312.png
31313,https://selfigurine.musees-compiegne.fr/figuriniste/31313.png
31321,https://selfigurine.musees-compiegne.fr/figuriniste/31321.png
31322,https://selfigurine.musees-compiegne.fr/figuriniste/31322.png
31323,https://selfigurine.musees-compiegne.fr/figuriniste/31323.png
31331,https://selfigurine.musees-compiegne.fr/figuriniste/31331.png
31332,https://selfigurine.musees-compiegne.fr/figuriniste/31332.png
31333,https://selfigurine.musees-compiegne.fr/figuriniste/31333.png
32111,https://selfigurine.musees-compiegne.fr/figuriniste/32111.png
32112,https://selfigurine.musees-compiegne.fr/figuriniste/32112.png
32113,https://selfigurine.musees-compiegne.fr/figuriniste/32113.png
32121,https://selfigurine.musees-compiegne.fr/figuriniste/32121.png
32122,https://selfigurine.musees-compiegne.fr/figuriniste/32122.png
32123,https://selfigurine.musees-compiegne.fr/figuriniste/32123.png
32131,https://selfigurine.musees-compiegne.fr/figuriniste/32131.png
32132,https://selfigurine.musees-compiegne.fr/figuriniste/32132.png
32133,https://selfigurine.musees-compiegne.fr/figuriniste/32133.png
32211,https://selfigurine.musees-compiegne.fr/figuriniste/32211.png
32212,https://selfigurine.musees-compiegne.fr/figuriniste/32212.png
32213,https://selfigurine.musees-compiegne.fr/figuriniste/32213.png
32221,https://selfigurine.musees-compiegne.fr/figuriniste/32221.png
32222,https://selfigurine.musees-compiegne.fr/figuriniste/32222.png
32223,https://selfigurine.musees-compiegne.fr/figuriniste/32223.png
32231,https://selfigurine.musees-compiegne.fr/figuriniste/32231.png
32232,https://selfigurine.musees-compiegne.fr/figuriniste/32232.png
32233,https://selfigurine.musees-compiegne.fr/figuriniste/32233.png
32311,https://selfigurine.musees-compiegne.fr/figuriniste/32311.png
32312,https://selfigurine.musees-compiegne.fr/figuriniste/32312.png
32313,https://selfigurine.musees-compiegne.fr/figuriniste/32313.png
32321,https://selfigurine.musees-compiegne.fr/figuriniste/32321.png
32322,https://selfigurine.musees-compiegne.fr/figuriniste/32322.png
32323,https://selfigurine.musees-compiegne.fr/figuriniste/32323.png
32331,https://selfigurine.musees-compiegne.fr/figuriniste/32331.png
32332,https://selfigurine.musees-compiegne.fr/figuriniste/32332.png
32333,https://selfigurine.musees-compiegne.fr/figuriniste/32333.png
33111,https://selfigurine.musees-compiegne.fr/figuriniste/33111.png
33112,https://selfigurine.musees-compiegne.fr/figuriniste/33112.png
33113,https://selfigurine.musees-compiegne.fr/figuriniste/33113.png
33121,https://selfigurine.musees-compiegne.fr/figuriniste/33121.png
33122,https://selfigurine.musees-compiegne.fr/figuriniste/33122.png
33123,https://selfigurine.musees-compiegne.fr/figuriniste/33123.png
33131,https://selfigurine.musees-compiegne.fr/figuriniste/33131.png
33132,https://selfigurine.musees-compiegne.fr/figuriniste/33132.png
33133,https://selfigurine.musees-compiegne.fr/figuriniste/33133.png
33211,https://selfigurine.musees-compiegne.fr/figuriniste/33211.png
33212,https://selfigurine.musees-compiegne.fr/figuriniste/33212.png
33213,https://selfigurine.musees-compiegne.fr/figuriniste/33213.png
33221,https://selfigurine.musees-compiegne.fr/figuriniste/33221.png
33222,https://selfigurine.musees-compiegne.fr/figuriniste/33222.png
33223,https://selfigurine.musees-compiegne.fr/figuriniste/33223.png
33231,https://selfigurine.musees-compiegne.fr/figuriniste/33231.png
33232,https://selfigurine.musees-compiegne.fr/figuriniste/33232.png
33233,https://selfigurine.musees-compiegne.fr/figuriniste/33233.png
33311,https://selfigurine.musees-compiegne.fr/figuriniste/33311.png
33312,https://selfigurine.musees-compiegne.fr/figuriniste/33312.png
33313,https://selfigurine.musees-compiegne.fr/figuriniste/33313.png
33321,https://selfigurine.musees-compiegne.fr/figuriniste/33321.png
33322,https://selfigurine.musees-compiegne.fr/figuriniste/33322.png
33323,https://selfigurine.musees-compiegne.fr/figuriniste/33323.png
33331,https://selfigurine.musees-compiegne.fr/figuriniste/33331.png
33332,https://selfigurine.musees-compiegne.fr/figuriniste/33332.png
33333,https://selfigurine.musees-compiegne.fr/figuriniste/33333.png